{"cameraMode":{"drawMode":0,"name":"Shaded","section":"Shading Mode"},"sceneLighting":true,"audioPlay":false,"sceneViewState":{"showFog":true,"showMaterialUpdate":true,"showSkybox":true,"showFlares":true,"showImageEffects":true,"showParticleSystems":true},"in2DMode":false,"pivot":{"x":19.87603759765625,"y":0.13985157012939454,"z":-10.13599967956543},"rotation":{"x":0.04572110250592232,"y":0.9310476779937744,"z":-0.12533213198184968,"w":0.33964991569519045},"size":15.73394775390625,"orthographic":false}